epoch,train_loss,valid_loss,c_index,time
0,0.5679433345794678,7.947286384535346e-09,0.9044056525353283,00:01
1,0.49000832438468933,2.781550101360608e-08,0.9376558603491272,00:01
