epoch,train_loss,valid_loss,c_index,time
0,0.9100884199142456,2.3841858265427618e-08,0.9210307564422278,00:01
1,0.5197815299034119,1.5894572769070692e-08,0.9343308395677473,00:01
