epoch,train_loss,valid_loss,c_index,time
0,0.7169064283370972,1.1920929132713809e-08,0.9351620947630923,00:01
1,0.934516191482544,2.3841858265427618e-08,0.9110556940980881,00:01
