{"slide":"GHD1030044","mod1":[0.0,1.0,0.4200313325,-0.0824940871,1.0,0.0,0.0,1.0,0.0,0.0,1.0],"mod2":null,"mod3":null,"mod4":[0,1,0,0]}
{"slide":"GHD1030045","mod1":[1.0,0.0,-0.2578413863,-0.1058955216,0.0,1.0,0.0,0.0,0.0,0.0,0.0],"mod2":[-1.223541224,-0.8426074909,-0.4123165772,0.2128012578,0.0364757459,-0.4808790353,-0.1309165154,-0.0953832185,-0.464899418,-1.4311646319,0.2924378358,0.8727306148,-0.0926732617,-0.9626096887,0.2158707983,-0.1398743584,0.4269245873,1.2071352268,-0.7993882272,0.1012571975,1.1452774701,-0.5538231519,-0.1864766631,-0.8618703453,0.8641730575,1.1736152587,-0.5065582345,0.4937654902,-0.1442637112,-0.1149120597,0.6108608203,-0.0208471273,0.029446244,-0.0241808969,-0.0065665011,-0.5999142132,-0.0065665011,0.2137030945,0.0189116829,0.0171712931,0.0171712931,0.0158545247,0.0164381136,-0.4851201777,0.4945204,-0.0065665011,0.6108737105,0.0207549954,0.1664029512,-0.4919755512,0.0320829681,0.6107442465,0.1796637351,-0.0219821363,0.9170864483,-0.244634366,-0.9221012993,1.6789960076,-0.0889327868,0.1510535014,0.6086441574,-0.3117481352,0.2556288852,-0.7008394402,-0.6078019904,0.2518558328,0.5932830736,0.1286797882,0.2640975939,-0.2401729108,0.3099860414,0.6129480696,-0.7215092908,-0.3403481433,-0.9729705705,-0.6061377978,-0.9332647229,0.9521757501,1.3415180385,0.7930190503,-0.4676149421,1.6677786509,1.954505923,0.0839345735,0.9380348643,-0.7303517378,0.7303517378,0.1814482412,-0.6775945068,-0.5657109344,-0.7603428676,0.0091374968,1.0889871786,-0.1496853711,0.5990310298,0.5528538789,0.6011574805,0.6259317647,0.1297116363,-0.2693332081,0.9491099996,-0.6293535983,0.1586023151,-0.0831162618,-0.422181132],"mod3":null,"mod4":[0,1,0,0]}
{"slide":"GHD1030046","mod1":[1.0,0.0,-0.3233702045,-0.5009020825,1.0,0.0,0.0,2.0,0.0,0.0,0.0],"mod2":[-0.2109568096,0.2608613588,-0.6958637179,-0.6235157494,-0.8007420125,-0.8056113323,-0.8489221214,-0.7494224593,-0.8505569424,-0.8782379798,-0.4763005658,1.1939050385,-0.7511951809,-2.0510852232,-0.8410973002,-0.9344547723,3.5596428221,1.8004783292,-1.0206731189,0.1012571975,1.8464455604,-2.1350436929,-1.8938916661,-1.5247523384,1.5181564979,1.7866683247,-1.9964946827,0.6304885837,-0.9478806622,-2.9643694506,0.5589539551,3.2875702931,-2.90999907,2.6632443269,2.0173342552,-0.3110500997,2.0173342552,3.1615279342,2.5397265932,-1.7735380495,-1.7735380495,-1.807765513,-1.792762789,-1.4004278908,3.0328178271,2.0173342552,0.5584140925,-2.1649215209,3.1899200789,-0.1352129144,-1.8208027028,0.5607272639,3.2586997551,2.3579365579,1.6228056884,-0.9293004156,-1.3373414837,2.9054545654,-0.7968124029,3.2162013169,0.5170824941,-0.6801329099,0.0034903014,-0.8491140116,-0.4367781449,0.7448263076,0.9831524801,0.6518480981,-0.658657137,-3.3567826222,3.2123004278,0.2834629776,-1.2892106766,-0.8357475567,-1.4569050276,-0.0562853455,-0.915440292,0.3381463653,1.9331442305,1.4564191817,-1.0242141143,2.302605294,1.3273303542,1.7591572131,0.9173946151,0.0082265208,-0.0082265208,-0.2588629904,-1.4132184284,-1.3102522503,-1.4624271022,0.3310736772,0.4314610219,-1.3171855886,-0.3735873404,-0.0897032478,-0.4057876751,1.7792000218,0.7147497093,-0.7633492549,1.3196399843,-0.6298783621,2.4419602966,0.7855049238,-0.4371021262],"mod3":null,"mod4":[1,0,1,0]}
{"slide":"GHD1030047","mod1":[0.0,0.0,-0.1886129775,-0.2440000382,1.0,0.0,0.0,2.0,0.0,0.0,0.0],"mod2":null,"mod3":null,"mod4":[1,1,0,0]}
{"slide":"GHD1030048","mod1":[1.0,1.0,0.162525539,-0.6318560593,1.0,0.0,0.0,2.0,1.0,0.0,0.0],"mod2":[1.1499309958,0.693563796,0.4550638524,0.2443747011,0.1645697396,0.1390402404,-0.02325384,0.6537128094,0.5176594355,0.9902628546,0.3517919614,-1.000142346,0.6548645253,-0.5214465711,0.0404971127,0.5789748245,0.4966717336,-0.2864919569,-0.1081742519,0.1012571975,0.3662768591,-0.1462074847,-0.0279110062,-1.1495407281,1.1479817423,-0.007184146,-0.1368372956,0.1544599395,0.5827607389,-0.1566290239,0.6076706142,0.3962009134,-0.2658590986,0.2029462398,0.0842918697,-0.2165831491,0.0842918697,0.4060520702,0.1364890653,-0.0613829708,-0.0613829708,-0.0643708975,-0.0630527969,-2.7936385014,1.7451119147,0.0842918697,0.607412507,-0.1055351074,0.4311934607,-0.0255660852,-0.0725695399,0.6074471175,0.4617088552,0.1423798365,-1.1728506782,0.7758176853,1.3123908986,-0.7880609747,0.6403286645,0.1984529742,0.6073720685,0.5345792292,0.9346807653,-0.3333049828,-0.6053396918,-0.1543167976,-0.1659908715,-0.1479276627,0.275522075,-1.8961653018,1.9541826898,0.4593221101,1.0076206215,1.1368309976,0.6272999298,-0.3333476995,1.0174688949,0.2919876764,-0.5291017367,-0.8771429225,0.9656456697,-0.0377430658,-0.3007036361,0.295057731,1.1966111164,0.7225688815,-0.7225688815,-0.64878506,0.1400267471,0.2617910267,0.0201158572,0.5820524383,0.6152363983,-1.3688909706,-0.3291617092,-0.3101415257,-0.2789365796,1.8957336633,-0.111177128,0.2793908848,1.6043216478,-0.6301768557,0.0991164924,-0.0831479315,-0.4465698019],"mod3":null,"mod4":[0,0,0,0]}
{"slide":"GHD1030049","mod1":[0.0,0.0,-0.0820599464,-0.097377952,0.0,1.0,0.0,2.0,0.0,0.0,0.0],"mod2":[1.3172908047,1.5021686527,-1.1973652474,-1.8403604907,-1.3138421175,-1.3924018138,-1.4017153676,-1.525451731,-1.2995325394,1.2178248024,-1.6180295396,0.8474452266,-1.5389359713,-1.1161383169,0.2158707983,-1.5382524402,-0.4417874782,1.4404179116,-1.2053374668,0.1012571975,1.0810928603,-1.1753053044,-1.3096947321,0.2190482385,-0.2022352346,1.4523125031,-1.2525907055,0.7163741686,-1.5585451491,0.3088643389,0.6162715803,-0.3142471063,0.287932908,-0.290506933,-0.2584540351,0.639810722,-0.2584540351,-0.4387364434,-0.3090538768,0.2340652111,0.2340652111,0.2374710757,0.2359778844,0.7552748139,-0.5968294434,-0.2584540351,0.6161782573,0.2639690166,-0.4191298269,-0.8737986046,0.2330819395,0.615796542,-0.4282341298,-0.2757796448,0.8576487639,-1.4363566893,-1.1078422158,0.5944341692,-1.4923286995,-0.3349794154,0.6214668341,-0.3855019713,0.2040302246,-0.7331975478,-0.6327633719,-0.1294661134,0.03880453,-0.1866339623,-1.5419386761,0.5832476862,-0.610451522,0.6793517725,-1.1235770374,-0.6863780467,-1.3347564065,-0.7342838808,-1.1860392818,-1.6076658243,0.4067534215,0.7874613603,-1.3268183549,-0.1884848169,0.4527517185,-0.8562729047,-1.5396683865,-2.0065901912,2.0065901912,1.5605870964,-0.9195903625,-0.8106311247,-0.9913399507,-1.3581166261,-1.2225191683,0.6366198788,0.1603175134,0.023252579,0.2339373167,-1.2061966984,-0.1580350454,-0.5780148103,-0.9550051417,-0.4397173161,-0.2917309439,-0.1042823994,4.449812583],"mod3":null,"mod4":[0,0,0,0]}
{"slide":"GHD1030050","mod1":[1.0,0.0,-0.1845934804,0.2324708958,0.0,1.0,0.0,2.0,0.0,0.0,0.0],"mod2":[0.7099569997,1.6175029179,1.190200737,0.3662079449,0.3462108424,0.2447431345,0.0693124599,0.7708180636,0.5259616805,0.2385447783,0.5958087577,-0.8926389224,0.772821524,0.2204499112,0.2158707983,0.7399785331,0.0466216862,-0.458213311,0.3980181065,0.1012571975,-0.2031866136,0.3106479612,0.302803776,-0.8510653867,0.8535131451,-0.38348268,0.3086626045,-0.069803473,0.7455954969,0.0944288576,0.6119819527,0.1243325654,-0.0346560211,-0.0203829474,-0.1044306383,-0.0919212281,-0.1044306383,-0.009352271,-0.1081290101,0.1015934607,0.1015934607,0.1020959674,0.1018797146,-4.4144195793,1.465410227,-0.1044306383,0.6117020807,0.0844674093,0.0406269017,0.1141637734,0.0848769541,0.6115332878,0.05905069,-0.0614094317,-1.0551928797,0.8419594755,1.1113009652,-0.8886789282,0.7610617512,-0.0880050597,0.6150008699,0.502734308,0.9062419056,-0.347538326,-0.6201440935,-0.2073989282,-0.1975306051,-0.2079285337,0.5751738589,-0.5248528508,0.6112829163,0.5886028291,0.9435483816,1.0823417927,0.5669414717,-0.5607790834,1.1332272522,0.3379120135,-0.7609671744,-0.8285888563,0.9190263197,-0.5543466545,-0.2456869988,-0.4832131288,0.6054557535,-0.0216960841,0.0216960841,-0.2419523411,0.5486111744,0.6753127695,0.4101304498,0.3195024139,0.2294663318,-1.0911846044,-0.1116768359,-0.070656515,-0.0798226926,1.5281537127,-0.1781705441,0.5520382115,1.2778795593,-0.6298941664,-0.1294299542,-0.0997173958,-0.4387997522],"mod3":null,"mod4":[1,0,0,0]}
{"slide":"GHD1030051",